{
  "sorting": "ascending",
  "count_libraries": false,
  "compact_list": true,
  "count_children": false,
  "mods_button_style": "replace_realms",
  "count_hidden_mods": false,
  "mod_count_location": "title_screen",
  "hide_mod_links": false,
  "show_libraries": false,
  "hide_mod_license": true,
  "hide_badges": true,
  "hide_mod_credits": true,
  "easter_eggs": false,
  "modify_title_screen": true,
  "modify_game_menu": true,
  "hide_config_buttons": false,
  "hidden_mods": [
    "minecraft"
  ]
}